{"none": [0.6020408163265306, 0.98], "neutral": [0.5555555555555556, 0.99], "hack": [0.78, 1.0], "anti-hack": [0.16161616161616163, 0.99], "strong-hack": [0.95, 1.0], "strong-anti-hack": [0.18181818181818182, 0.99]}