{"none": [0.61, 1.0], "hack": [0.83, 1.0], "anti-hack": [0.6363636363636364, 0.99], "strong-hack": [0.69, 1.0], "strong-anti-hack": [0.6060606060606061, 0.99]}