{"none": [0.5714285714285714, 0.98], "hack": [0.62, 1.0], "anti-hack": [0.40404040404040403, 0.99], "strong-hack": [0.54, 1.0], "strong-anti-hack": [0.3434343434343434, 0.99]}