{"none": [0.9393939393939394, 0.99], "hack": [0.9489795918367347, 0.98], "anti-hack": [0.9191919191919192, 0.99]}